jahr	typ	rind	kalb	schwein	schaf/ziege	pferd	innereien	geflügel	sonstige	fett	fisch	quelle	url
1900	verzehr	14.04	2.69	25.09	1.8		1.66	1.7		8.92	6.24	"gesis histat; ZA 8252; Teuteberg, Hans J., (1979 [2006]) Der Verzehr von Nahrungsmitteln in Deutschland pro Kopf und Jahr seit Beginn der Industrialisierung (1850 – 1975). GESIS Köln, Deutschland ZA8252 Datenfile Version 1.0.0"	http://www.gesis.org/histat/de/project/details/FE33E40C7045574757267C973654580D
1901	verzehr	13.96	2.76	23.63	1.69		1.6	1.69		8.35	7.4	"gesis histat; ZA 8252; Teuteberg, Hans J., (1979 [2006]) Der Verzehr von Nahrungsmitteln in Deutschland pro Kopf und Jahr seit Beginn der Industrialisierung (1850 – 1975). GESIS Köln, Deutschland ZA8252 Datenfile Version 1.0.0"	http://www.gesis.org/histat/de/project/details/FE33E40C7045574757267C973654580D
1902	verzehr	14.04	2.82	21.52	1.59		1.52	1.71		7.32	8.1	"gesis histat; ZA 8252; Teuteberg, Hans J., (1979 [2006]) Der Verzehr von Nahrungsmitteln in Deutschland pro Kopf und Jahr seit Beginn der Industrialisierung (1850 – 1975). GESIS Köln, Deutschland ZA8252 Datenfile Version 1.0.0"	http://www.gesis.org/histat/de/project/details/FE33E40C7045574757267C973654580D
1903	verzehr	13.51	2.88	22.99	1.48		1.57	1.77		7.66	7.81	"gesis histat; ZA 8252; Teuteberg, Hans J., (1979 [2006]) Der Verzehr von Nahrungsmitteln in Deutschland pro Kopf und Jahr seit Beginn der Industrialisierung (1850 – 1975). GESIS Köln, Deutschland ZA8252 Datenfile Version 1.0.0"	http://www.gesis.org/histat/de/project/details/FE33E40C7045574757267C973654580D
1904	verzehr	13.82	2.94	24.67	1.4		1.65	1.77		8.27	7.84	"gesis histat; ZA 8252; Teuteberg, Hans J., (1979 [2006]) Der Verzehr von Nahrungsmitteln in Deutschland pro Kopf und Jahr seit Beginn der Industrialisierung (1850 – 1975). GESIS Köln, Deutschland ZA8252 Datenfile Version 1.0.0"	http://www.gesis.org/histat/de/project/details/FE33E40C7045574757267C973654580D
1905	verzehr	14.97	2.97	22.95	1.48		1.61	1.86		8.14	8.54	"gesis histat; ZA 8252; Teuteberg, Hans J., (1979 [2006]) Der Verzehr von Nahrungsmitteln in Deutschland pro Kopf und Jahr seit Beginn der Industrialisierung (1850 – 1975). GESIS Köln, Deutschland ZA8252 Datenfile Version 1.0.0"	http://www.gesis.org/histat/de/project/details/FE33E40C7045574757267C973654580D
1906	verzehr	14.47	2.81	22.27	1.36		1.57	1.83		8.13	8.14	"gesis histat; ZA 8252; Teuteberg, Hans J., (1979 [2006]) Der Verzehr von Nahrungsmitteln in Deutschland pro Kopf und Jahr seit Beginn der Industrialisierung (1850 – 1975). GESIS Köln, Deutschland ZA8252 Datenfile Version 1.0.0"	http://www.gesis.org/histat/de/project/details/FE33E40C7045574757267C973654580D
1907	verzehr	13.9	2.87	21.72	1.31		1.66	1.81		7.64	8.8	"gesis histat; ZA 8252; Teuteberg, Hans J., (1979 [2006]) Der Verzehr von Nahrungsmitteln in Deutschland pro Kopf und Jahr seit Beginn der Industrialisierung (1850 – 1975). GESIS Köln, Deutschland ZA8252 Datenfile Version 1.0.0"	http://www.gesis.org/histat/de/project/details/FE33E40C7045574757267C973654580D
1908	verzehr	14.4	3.07	25.13	1.3		1.7	1.77		8.51	8.51	"gesis histat; ZA 8252; Teuteberg, Hans J., (1979 [2006]) Der Verzehr von Nahrungsmitteln in Deutschland pro Kopf und Jahr seit Beginn der Industrialisierung (1850 – 1975). GESIS Köln, Deutschland ZA8252 Datenfile Version 1.0.0"	http://www.gesis.org/histat/de/project/details/FE33E40C7045574757267C973654580D
1909	verzehr	15.43	3.28	23.84	1.37		1.71	1.74		7.89	8.9	"gesis histat; ZA 8252; Teuteberg, Hans J., (1979 [2006]) Der Verzehr von Nahrungsmitteln in Deutschland pro Kopf und Jahr seit Beginn der Industrialisierung (1850 – 1975). GESIS Köln, Deutschland ZA8252 Datenfile Version 1.0.0"	http://www.gesis.org/histat/de/project/details/FE33E40C7045574757267C973654580D
1910	verzehr	14.62	2.99	24.28	1.32		1.69	1.81		7.42	8.98	"gesis histat; ZA 8252; Teuteberg, Hans J., (1979 [2006]) Der Verzehr von Nahrungsmitteln in Deutschland pro Kopf und Jahr seit Beginn der Industrialisierung (1850 – 1975). GESIS Köln, Deutschland ZA8252 Datenfile Version 1.0.0"	http://www.gesis.org/histat/de/project/details/FE33E40C7045574757267C973654580D
1911	verzehr	13.86	2.86	26.59	1.24		1.71	1.77		8.58	8.83	"gesis histat; ZA 8252; Teuteberg, Hans J., (1979 [2006]) Der Verzehr von Nahrungsmitteln in Deutschland pro Kopf und Jahr seit Beginn der Industrialisierung (1850 – 1975). GESIS Köln, Deutschland ZA8252 Datenfile Version 1.0.0"	http://www.gesis.org/histat/de/project/details/FE33E40C7045574757267C973654580D
1912	verzehr	13.49	2.71	25.79	1.21		1.63	1.8		8.47	9.13	"gesis histat; ZA 8252; Teuteberg, Hans J., (1979 [2006]) Der Verzehr von Nahrungsmitteln in Deutschland pro Kopf und Jahr seit Beginn der Industrialisierung (1850 – 1975). GESIS Köln, Deutschland ZA8252 Datenfile Version 1.0.0"	http://www.gesis.org/histat/de/project/details/FE33E40C7045574757267C973654580D
1913	verzehr	12.33	2.67	25.29	1.22		1.61	1.79		8.32	9.29	"gesis histat; ZA 8252; Teuteberg, Hans J., (1979 [2006]) Der Verzehr von Nahrungsmitteln in Deutschland pro Kopf und Jahr seit Beginn der Industrialisierung (1850 – 1975). GESIS Köln, Deutschland ZA8252 Datenfile Version 1.0.0"	http://www.gesis.org/histat/de/project/details/FE33E40C7045574757267C973654580D
1925	verzehr	13.88	2.79	22.72	1.39		1.55	1.57		6.22	9.61	"gesis histat; ZA 8252; Teuteberg, Hans J., (1979 [2006]) Der Verzehr von Nahrungsmitteln in Deutschland pro Kopf und Jahr seit Beginn der Industrialisierung (1850 – 1975). GESIS Köln, Deutschland ZA8252 Datenfile Version 1.0.0"	http://www.gesis.org/histat/de/project/details/FE33E40C7045574757267C973654580D
1926	verzehr	13.85	2.84	23.15	1.24		1.57	1.62		6.51	9.84	"gesis histat; ZA 8252; Teuteberg, Hans J., (1979 [2006]) Der Verzehr von Nahrungsmitteln in Deutschland pro Kopf und Jahr seit Beginn der Industrialisierung (1850 – 1975). GESIS Köln, Deutschland ZA8252 Datenfile Version 1.0.0"	http://www.gesis.org/histat/de/project/details/FE33E40C7045574757267C973654580D
1927	verzehr	23.19	2.78	27.24	1.06		1.7	1.75		6.95	10.01	"gesis histat; ZA 8252; Teuteberg, Hans J., (1979 [2006]) Der Verzehr von Nahrungsmitteln in Deutschland pro Kopf und Jahr seit Beginn der Industrialisierung (1850 – 1975). GESIS Köln, Deutschland ZA8252 Datenfile Version 1.0.0"	http://www.gesis.org/histat/de/project/details/FE33E40C7045574757267C973654580D
1928	verzehr	14.46	3.06	29.1	1.04		1.83	1.88		7.28	10.31	"gesis histat; ZA 8252; Teuteberg, Hans J., (1979 [2006]) Der Verzehr von Nahrungsmitteln in Deutschland pro Kopf und Jahr seit Beginn der Industrialisierung (1850 – 1975). GESIS Köln, Deutschland ZA8252 Datenfile Version 1.0.0"	http://www.gesis.org/histat/de/project/details/FE33E40C7045574757267C973654580D
1929	verzehr	15.54	3.14	26.69	1		1.84	1.98		6.97	11.03	"gesis histat; ZA 8252; Teuteberg, Hans J., (1979 [2006]) Der Verzehr von Nahrungsmitteln in Deutschland pro Kopf und Jahr seit Beginn der Industrialisierung (1850 – 1975). GESIS Köln, Deutschland ZA8252 Datenfile Version 1.0.0"	http://www.gesis.org/histat/de/project/details/FE33E40C7045574757267C973654580D
1930	verzehr	13.94	2.93	27.21	0.95		1.77	2.07		6.82	10.99	"gesis histat; ZA 8252; Teuteberg, Hans J., (1979 [2006]) Der Verzehr von Nahrungsmitteln in Deutschland pro Kopf und Jahr seit Beginn der Industrialisierung (1850 – 1975). GESIS Köln, Deutschland ZA8252 Datenfile Version 1.0.0"	http://www.gesis.org/histat/de/project/details/FE33E40C7045574757267C973654580D
1931	verzehr	12.82	2.89	29.1	0.93		1.79	2.05		7.29	10.7	"gesis histat; ZA 8252; Teuteberg, Hans J., (1979 [2006]) Der Verzehr von Nahrungsmitteln in Deutschland pro Kopf und Jahr seit Beginn der Industrialisierung (1850 – 1975). GESIS Köln, Deutschland ZA8252 Datenfile Version 1.0.0"	http://www.gesis.org/histat/de/project/details/FE33E40C7045574757267C973654580D
1932	verzehr	13.07	2.98	26.96	0.85		1.72	1.95		7.33	9.94	"gesis histat; ZA 8252; Teuteberg, Hans J., (1979 [2006]) Der Verzehr von Nahrungsmitteln in Deutschland pro Kopf und Jahr seit Beginn der Industrialisierung (1850 – 1975). GESIS Köln, Deutschland ZA8252 Datenfile Version 1.0.0"	http://www.gesis.org/histat/de/project/details/FE33E40C7045574757267C973654580D
1933	verzehr	12.72	2.88	27.23	0.86		1.7	1.97		6.75	10.12	"gesis histat; ZA 8252; Teuteberg, Hans J., (1979 [2006]) Der Verzehr von Nahrungsmitteln in Deutschland pro Kopf und Jahr seit Beginn der Industrialisierung (1850 – 1975). GESIS Köln, Deutschland ZA8252 Datenfile Version 1.0.0"	http://www.gesis.org/histat/de/project/details/FE33E40C7045574757267C973654580D
1934	verzehr	14.32	3.22	29.95	0.81		1.88	2.08		6.81	9.83	"gesis histat; ZA 8252; Teuteberg, Hans J., (1979 [2006]) Der Verzehr von Nahrungsmitteln in Deutschland pro Kopf und Jahr seit Beginn der Industrialisierung (1850 – 1975). GESIS Köln, Deutschland ZA8252 Datenfile Version 1.0.0"	http://www.gesis.org/histat/de/project/details/FE33E40C7045574757267C973654580D
1935	verbrauch	14.8	3.2	29.2	0.3	0.5	1.9	1.7	1.2			"gesis histat; ZA 8303; Teuteberg, Hans J., (1972 [008.]) Die Entwicklung des Fleischverbrauchs in Deutschland 1816 bis 2000. GESIS Köln, Deutschland ZA8303 Datenfile Version 1.0.0"	http://www.gesis.org/histat/de/project/details/B6A3A7CFED55C99608E79D893D9F78FE
1935	verzehr	14.06	3.08	28.73	0.76		1.81	2.05		6.28	11.28	"gesis histat; ZA 8252; Teuteberg, Hans J., (1979 [2006]) Der Verzehr von Nahrungsmitteln in Deutschland pro Kopf und Jahr seit Beginn der Industrialisierung (1850 – 1975). GESIS Köln, Deutschland ZA8252 Datenfile Version 1.0.0"	http://www.gesis.org/histat/de/project/details/FE33E40C7045574757267C973654580D
1936	verzehr	11	2.87	30.16	0.77		1.74	2.09		6.46	13.16	"gesis histat; ZA 8252; Teuteberg, Hans J., (1979 [2006]) Der Verzehr von Nahrungsmitteln in Deutschland pro Kopf und Jahr seit Beginn der Industrialisierung (1850 – 1975). GESIS Köln, Deutschland ZA8252 Datenfile Version 1.0.0"	http://www.gesis.org/histat/de/project/details/FE33E40C7045574757267C973654580D
1937	verzehr	14.52	3.13	30.24	0.84		1.86	2.12		6.66	13.64	"gesis histat; ZA 8252; Teuteberg, Hans J., (1979 [2006]) Der Verzehr von Nahrungsmitteln in Deutschland pro Kopf und Jahr seit Beginn der Industrialisierung (1850 – 1975). GESIS Köln, Deutschland ZA8252 Datenfile Version 1.0.0"	http://www.gesis.org/histat/de/project/details/FE33E40C7045574757267C973654580D
1938	verzehr	16.15	3.09	29.3	0.98		1.88	2.06		6.52	13.55	"gesis histat; ZA 8252; Teuteberg, Hans J., (1979 [2006]) Der Verzehr von Nahrungsmitteln in Deutschland pro Kopf und Jahr seit Beginn der Industrialisierung (1850 – 1975). GESIS Köln, Deutschland ZA8252 Datenfile Version 1.0.0"	http://www.gesis.org/histat/de/project/details/FE33E40C7045574757267C973654580D
1947	verbrauch	8.3	1.4	8.2	0.3	0.5	0.7		0.9			"gesis histat; ZA 8303; Teuteberg, Hans J., (1972 [008.]) Die Entwicklung des Fleischverbrauchs in Deutschland 1816 bis 2000. GESIS Köln, Deutschland ZA8303 Datenfile Version 1.0.0"	http://www.gesis.org/histat/de/project/details/B6A3A7CFED55C99608E79D893D9F78FE
1948	verbrauch	6.6	1.3	7.1	0.4	1	0.6		1.1			"gesis histat; ZA 8303; Teuteberg, Hans J., (1972 [008.]) Die Entwicklung des Fleischverbrauchs in Deutschland 1816 bis 2000. GESIS Köln, Deutschland ZA8303 Datenfile Version 1.0.0"	http://www.gesis.org/histat/de/project/details/B6A3A7CFED55C99608E79D893D9F78FE
1949	verbrauch	10	1.6	16	0.8	0.6	1.1		1.5			"gesis histat; ZA 8303; Teuteberg, Hans J., (1972 [008.]) Die Entwicklung des Fleischverbrauchs in Deutschland 1816 bis 2000. GESIS Köln, Deutschland ZA8303 Datenfile Version 1.0.0"	http://www.gesis.org/histat/de/project/details/B6A3A7CFED55C99608E79D893D9F78FE
1950	verzehr	9		13.9	0.4	0.6	1	0.7	0.6			DFV Deutscher-Fleischer-Verband e.V.	http://www.fleischerhandwerk.de/cms/upload/pdf/GB2012_Fleischverzehr.pdf
1950	verbrauch	11.4	1.9	19.4	0.5	0.8	1.3		1.7			"gesis histat; ZA 8303; Teuteberg, Hans J., (1972 [008.]) Die Entwicklung des Fleischverbrauchs in Deutschland 1816 bis 2000. GESIS Köln, Deutschland ZA8303 Datenfile Version 1.0.0"	http://www.gesis.org/histat/de/project/details/B6A3A7CFED55C99608E79D893D9F78FE
1950	verzehr	11.4	1.9	19.4	1.8		1.3	1.2		5.8	11.9	"gesis histat; ZA 8252; Teuteberg, Hans J., (1979 [2006]) Der Verzehr von Nahrungsmitteln in Deutschland pro Kopf und Jahr seit Beginn der Industrialisierung (1850 – 1975). GESIS Köln, Deutschland ZA8252 Datenfile Version 1.0.0"	http://www.gesis.org/histat/de/project/details/FE33E40C7045574757267C973654580D
1951	verbrauch	10.8	1.8	21.8	0.4	0.7	1.5	1.2	0.4			"gesis histat; ZA 8303; Teuteberg, Hans J., (1972 [008.]) Die Entwicklung des Fleischverbrauchs in Deutschland 1816 bis 2000. GESIS Köln, Deutschland ZA8303 Datenfile Version 1.0.0"	http://www.gesis.org/histat/de/project/details/B6A3A7CFED55C99608E79D893D9F78FE
1951	verzehr	10.8	1.8	21.8	1.5		1.5	1.2		5.3	12.3	"gesis histat; ZA 8252; Teuteberg, Hans J., (1979 [2006]) Der Verzehr von Nahrungsmitteln in Deutschland pro Kopf und Jahr seit Beginn der Industrialisierung (1850 – 1975). GESIS Köln, Deutschland ZA8252 Datenfile Version 1.0.0"	http://www.gesis.org/histat/de/project/details/FE33E40C7045574757267C973654580D
1952	verbrauch	11.9	2	23.2	0.4	0.6	1.7	1.3	0.6			"gesis histat; ZA 8303; Teuteberg, Hans J., (1972 [008.]) Die Entwicklung des Fleischverbrauchs in Deutschland 1816 bis 2000. GESIS Köln, Deutschland ZA8303 Datenfile Version 1.0.0"	http://www.gesis.org/histat/de/project/details/B6A3A7CFED55C99608E79D893D9F78FE
1952	verzehr	11.9	2	23.2	1.6		1.7	1.2		6.1	11.9	"gesis histat; ZA 8252; Teuteberg, Hans J., (1979 [2006]) Der Verzehr von Nahrungsmitteln in Deutschland pro Kopf und Jahr seit Beginn der Industrialisierung (1850 – 1975). GESIS Köln, Deutschland ZA8252 Datenfile Version 1.0.0"	http://www.gesis.org/histat/de/project/details/FE33E40C7045574757267C973654580D
1953	verbrauch	13.5	2	23.4	0.4	0.7	1.9	1.5	0.6			"gesis histat; ZA 8303; Teuteberg, Hans J., (1972 [008.]) Die Entwicklung des Fleischverbrauchs in Deutschland 1816 bis 2000. GESIS Köln, Deutschland ZA8303 Datenfile Version 1.0.0"	http://www.gesis.org/histat/de/project/details/B6A3A7CFED55C99608E79D893D9F78FE
1953	verzehr	13.5	2	23.4	1.7		1.9	1.5		6	11.7	"gesis histat; ZA 8252; Teuteberg, Hans J., (1979 [2006]) Der Verzehr von Nahrungsmitteln in Deutschland pro Kopf und Jahr seit Beginn der Industrialisierung (1850 – 1975). GESIS Köln, Deutschland ZA8252 Datenfile Version 1.0.0"	http://www.gesis.org/histat/de/project/details/FE33E40C7045574757267C973654580D
1954	verbrauch	14.2	2	25.4	0.3	0.6	3.7	1.7	0.6			"gesis histat; ZA 8303; Teuteberg, Hans J., (1972 [008.]) Die Entwicklung des Fleischverbrauchs in Deutschland 1816 bis 2000. GESIS Köln, Deutschland ZA8303 Datenfile Version 1.0.0"	http://www.gesis.org/histat/de/project/details/B6A3A7CFED55C99608E79D893D9F78FE
1954	verzehr	14	2	24.9	1.5		2.1	1.7		5.9	12.3	"gesis histat; ZA 8252; Teuteberg, Hans J., (1979 [2006]) Der Verzehr von Nahrungsmitteln in Deutschland pro Kopf und Jahr seit Beginn der Industrialisierung (1850 – 1975). GESIS Köln, Deutschland ZA8252 Datenfile Version 1.0.0"	http://www.gesis.org/histat/de/project/details/FE33E40C7045574757267C973654580D
1955	verbrauch	14.7	1.8	27	0.3	0.5	3.8	1.7	0.6			"gesis histat; ZA 8303; Teuteberg, Hans J., (1972 [008.]) Die Entwicklung des Fleischverbrauchs in Deutschland 1816 bis 2000. GESIS Köln, Deutschland ZA8303 Datenfile Version 1.0.0"	http://www.gesis.org/histat/de/project/details/B6A3A7CFED55C99608E79D893D9F78FE
1955	verzehr	14.5	1.8	26.5	1.3		2.2	1.7		6.1	12.7	"gesis histat; ZA 8252; Teuteberg, Hans J., (1979 [2006]) Der Verzehr von Nahrungsmitteln in Deutschland pro Kopf und Jahr seit Beginn der Industrialisierung (1850 – 1975). GESIS Köln, Deutschland ZA8252 Datenfile Version 1.0.0"	http://www.gesis.org/histat/de/project/details/FE33E40C7045574757267C973654580D
1956	verbrauch	15.9	1.8	27.6	0.3	0.4	3.9	2	0.6			"gesis histat; ZA 8303; Teuteberg, Hans J., (1972 [008.]) Die Entwicklung des Fleischverbrauchs in Deutschland 1816 bis 2000. GESIS Köln, Deutschland ZA8303 Datenfile Version 1.0.0"	http://www.gesis.org/histat/de/project/details/B6A3A7CFED55C99608E79D893D9F78FE
1956	verzehr	15.6	1.9	27.1	1.3		2.2	2		5.8	12	"gesis histat; ZA 8252; Teuteberg, Hans J., (1979 [2006]) Der Verzehr von Nahrungsmitteln in Deutschland pro Kopf und Jahr seit Beginn der Industrialisierung (1850 – 1975). GESIS Köln, Deutschland ZA8252 Datenfile Version 1.0.0"	http://www.gesis.org/histat/de/project/details/FE33E40C7045574757267C973654580D
1957	verbrauch	16.3	1.8	29.3	0.3	0.3	4.1	2.5	0.6			"gesis histat; ZA 8303; Teuteberg, Hans J., (1972 [008.]) Die Entwicklung des Fleischverbrauchs in Deutschland 1816 bis 2000. GESIS Köln, Deutschland ZA8303 Datenfile Version 1.0.0"	http://www.gesis.org/histat/de/project/details/B6A3A7CFED55C99608E79D893D9F78FE
1957	verzehr	16	1.8	28.8	1.2		2.4	2.4		5.8	12.1	"gesis histat; ZA 8252; Teuteberg, Hans J., (1979 [2006]) Der Verzehr von Nahrungsmitteln in Deutschland pro Kopf und Jahr seit Beginn der Industrialisierung (1850 – 1975). GESIS Köln, Deutschland ZA8252 Datenfile Version 1.0.0"	http://www.gesis.org/histat/de/project/details/FE33E40C7045574757267C973654580D
1958	verbrauch	16.3	1.7	29.3	0.3	0.4	4.2	3	0.6			"gesis histat; ZA 8303; Teuteberg, Hans J., (1972 [008.]) Die Entwicklung des Fleischverbrauchs in Deutschland 1816 bis 2000. GESIS Köln, Deutschland ZA8303 Datenfile Version 1.0.0"	http://www.gesis.org/histat/de/project/details/B6A3A7CFED55C99608E79D893D9F78FE
1958	verzehr	16	1.7	28.9	1.2		2.4	3.1		5.9	11.4	"gesis histat; ZA 8252; Teuteberg, Hans J., (1979 [2006]) Der Verzehr von Nahrungsmitteln in Deutschland pro Kopf und Jahr seit Beginn der Industrialisierung (1850 – 1975). GESIS Köln, Deutschland ZA8252 Datenfile Version 1.0.0"	http://www.gesis.org/histat/de/project/details/FE33E40C7045574757267C973654580D
1959	verbrauch	16.8	1.8	29.4	0.3	0.4	4.4	3.9	0.6			"gesis histat; ZA 8303; Teuteberg, Hans J., (1972 [008.]) Die Entwicklung des Fleischverbrauchs in Deutschland 1816 bis 2000. GESIS Köln, Deutschland ZA8303 Datenfile Version 1.0.0"	http://www.gesis.org/histat/de/project/details/B6A3A7CFED55C99608E79D893D9F78FE
1959	verzehr	16.8	1.8	29.4	1.3		4.4	3.9		5.9	12.2	"gesis histat; ZA 8252; Teuteberg, Hans J., (1979 [2006]) Der Verzehr von Nahrungsmitteln in Deutschland pro Kopf und Jahr seit Beginn der Industrialisierung (1850 – 1975). GESIS Köln, Deutschland ZA8252 Datenfile Version 1.0.0"	http://www.gesis.org/histat/de/project/details/FE33E40C7045574757267C973654580D
1960	verbrauch	17.7	1.8	30.2	0.3	0.3	4.4	4.4	0.6			"gesis histat; ZA 8303; Teuteberg, Hans J., (1972 [008.]) Die Entwicklung des Fleischverbrauchs in Deutschland 1816 bis 2000. GESIS Köln, Deutschland ZA8303 Datenfile Version 1.0.0"	http://www.gesis.org/histat/de/project/details/B6A3A7CFED55C99608E79D893D9F78FE
1960	verzehr	17.7	1.8	30.2	1.2		4.4	4.4		5.7	11.6	"gesis histat; ZA 8252; Teuteberg, Hans J., (1979 [2006]) Der Verzehr von Nahrungsmitteln in Deutschland pro Kopf und Jahr seit Beginn der Industrialisierung (1850 – 1975). GESIS Köln, Deutschland ZA8252 Datenfile Version 1.0.0"	http://www.gesis.org/histat/de/project/details/FE33E40C7045574757267C973654580D
1961	verbrauch	18.5	1.9	31.4	0.3	0.3	4.5	5.6	0.6			"gesis histat; ZA 8303; Teuteberg, Hans J., (1972 [008.]) Die Entwicklung des Fleischverbrauchs in Deutschland 1816 bis 2000. GESIS Köln, Deutschland ZA8303 Datenfile Version 1.0.0"	http://www.gesis.org/histat/de/project/details/B6A3A7CFED55C99608E79D893D9F78FE
1961	verzehr	18.5	1.9	31.4	1.2		4.5	5.6		6.1	12.4	"gesis histat; ZA 8252; Teuteberg, Hans J., (1979 [2006]) Der Verzehr von Nahrungsmitteln in Deutschland pro Kopf und Jahr seit Beginn der Industrialisierung (1850 – 1975). GESIS Köln, Deutschland ZA8252 Datenfile Version 1.0.0"	http://www.gesis.org/histat/de/project/details/FE33E40C7045574757267C973654580D
1962	verbrauch	19.3	2.1	31.9	0.3	0.3	4.6	5.4	0.6			"gesis histat; ZA 8303; Teuteberg, Hans J., (1972 [008.]) Die Entwicklung des Fleischverbrauchs in Deutschland 1816 bis 2000. GESIS Köln, Deutschland ZA8303 Datenfile Version 1.0.0"	http://www.gesis.org/histat/de/project/details/B6A3A7CFED55C99608E79D893D9F78FE
1962	verzehr	19.3	2.1	31.9	1.2		4.6	5.4		6.1	12.1	"gesis histat; ZA 8252; Teuteberg, Hans J., (1979 [2006]) Der Verzehr von Nahrungsmitteln in Deutschland pro Kopf und Jahr seit Beginn der Industrialisierung (1850 – 1975). GESIS Köln, Deutschland ZA8252 Datenfile Version 1.0.0"	http://www.gesis.org/histat/de/project/details/FE33E40C7045574757267C973654580D
1963	verbrauch	19.8	1.9	31.4	0.3		4.5	5.7	0.8			"gesis histat; ZA 8303; Teuteberg, Hans J., (1972 [008.]) Die Entwicklung des Fleischverbrauchs in Deutschland 1816 bis 2000. GESIS Köln, Deutschland ZA8303 Datenfile Version 1.0.0"	http://www.gesis.org/histat/de/project/details/B6A3A7CFED55C99608E79D893D9F78FE
1963	verzehr	19.7	1.9	31.2	1.1		4.5	5.6		5.9	11.3	"gesis histat; ZA 8252; Teuteberg, Hans J., (1979 [2006]) Der Verzehr von Nahrungsmitteln in Deutschland pro Kopf und Jahr seit Beginn der Industrialisierung (1850 – 1975). GESIS Köln, Deutschland ZA8252 Datenfile Version 1.0.0"	http://www.gesis.org/histat/de/project/details/FE33E40C7045574757267C973654580D
1964	verbrauch	19.2	1.8	33.9	0.3		4.5	6	0.8			"gesis histat; ZA 8303; Teuteberg, Hans J., (1972 [008.]) Die Entwicklung des Fleischverbrauchs in Deutschland 1816 bis 2000. GESIS Köln, Deutschland ZA8303 Datenfile Version 1.0.0"	http://www.gesis.org/histat/de/project/details/B6A3A7CFED55C99608E79D893D9F78FE
1964	verzehr	19.2	1.8	33.9	1.1		4.5	6		6.1	11	"gesis histat; ZA 8252; Teuteberg, Hans J., (1979 [2006]) Der Verzehr von Nahrungsmitteln in Deutschland pro Kopf und Jahr seit Beginn der Industrialisierung (1850 – 1975). GESIS Köln, Deutschland ZA8252 Datenfile Version 1.0.0"	http://www.gesis.org/histat/de/project/details/FE33E40C7045574757267C973654580D
1965	verbrauch	19.7	1.8	33.9	0.2		4.5	6.3	0.8			"gesis histat; ZA 8303; Teuteberg, Hans J., (1972 [008.]) Die Entwicklung des Fleischverbrauchs in Deutschland 1816 bis 2000. GESIS Köln, Deutschland ZA8303 Datenfile Version 1.0.0"	http://www.gesis.org/histat/de/project/details/B6A3A7CFED55C99608E79D893D9F78FE
1965	verzehr	19.7	1.8	33.9	1		4.5	6.3		5.7	11.4	"gesis histat; ZA 8252; Teuteberg, Hans J., (1979 [2006]) Der Verzehr von Nahrungsmitteln in Deutschland pro Kopf und Jahr seit Beginn der Industrialisierung (1850 – 1975). GESIS Köln, Deutschland ZA8252 Datenfile Version 1.0.0"	http://www.gesis.org/histat/de/project/details/FE33E40C7045574757267C973654580D
1966	verbrauch	20.1	2	33.7	0.2		4.5	6.9	0.8			"gesis histat; ZA 8303; Teuteberg, Hans J., (1972 [008.]) Die Entwicklung des Fleischverbrauchs in Deutschland 1816 bis 2000. GESIS Köln, Deutschland ZA8303 Datenfile Version 1.0.0"	http://www.gesis.org/histat/de/project/details/B6A3A7CFED55C99608E79D893D9F78FE
1966	verzehr	20.1	2	33.7	1		4.5	6.9		5.8	10.4	"gesis histat; ZA 8252; Teuteberg, Hans J., (1979 [2006]) Der Verzehr von Nahrungsmitteln in Deutschland pro Kopf und Jahr seit Beginn der Industrialisierung (1850 – 1975). GESIS Köln, Deutschland ZA8252 Datenfile Version 1.0.0"	http://www.gesis.org/histat/de/project/details/FE33E40C7045574757267C973654580D
1967	verbrauch	20.1	2.1	36.3	0.2		4.6	7.2	0.8			"gesis histat; ZA 8303; Teuteberg, Hans J., (1972 [008.]) Die Entwicklung des Fleischverbrauchs in Deutschland 1816 bis 2000. GESIS Köln, Deutschland ZA8303 Datenfile Version 1.0.0"	http://www.gesis.org/histat/de/project/details/B6A3A7CFED55C99608E79D893D9F78FE
1967	verzehr	20.1	2.1	36.3	1		4.6	7.2		5.9	10.7	"gesis histat; ZA 8252; Teuteberg, Hans J., (1979 [2006]) Der Verzehr von Nahrungsmitteln in Deutschland pro Kopf und Jahr seit Beginn der Industrialisierung (1850 – 1975). GESIS Köln, Deutschland ZA8252 Datenfile Version 1.0.0"	http://www.gesis.org/histat/de/project/details/FE33E40C7045574757267C973654580D
1968	verbrauch	21.1	2.1	37.7	0.2		4.6	7.5	0.9			"gesis histat; ZA 8303; Teuteberg, Hans J., (1972 [008.]) Die Entwicklung des Fleischverbrauchs in Deutschland 1816 bis 2000. GESIS Köln, Deutschland ZA8303 Datenfile Version 1.0.0"	http://www.gesis.org/histat/de/project/details/B6A3A7CFED55C99608E79D893D9F78FE
1968	verzehr	21.1	2.1	37.7	1.1		4.6	7.5		6	11	"gesis histat; ZA 8252; Teuteberg, Hans J., (1979 [2006]) Der Verzehr von Nahrungsmitteln in Deutschland pro Kopf und Jahr seit Beginn der Industrialisierung (1850 – 1975). GESIS Köln, Deutschland ZA8252 Datenfile Version 1.0.0"	http://www.gesis.org/histat/de/project/details/FE33E40C7045574757267C973654580D
1969	verbrauch	21.5	2.1	37.3	0.2		4.6	7.9	0.9			"gesis histat; ZA 8303; Teuteberg, Hans J., (1972 [008.]) Die Entwicklung des Fleischverbrauchs in Deutschland 1816 bis 2000. GESIS Köln, Deutschland ZA8303 Datenfile Version 1.0.0"	http://www.gesis.org/histat/de/project/details/B6A3A7CFED55C99608E79D893D9F78FE
1969	verzehr	21.5	2.1	37.3	1.1		4.6	7.9		6.1	10.5	"gesis histat; ZA 8252; Teuteberg, Hans J., (1979 [2006]) Der Verzehr von Nahrungsmitteln in Deutschland pro Kopf und Jahr seit Beginn der Industrialisierung (1850 – 1975). GESIS Köln, Deutschland ZA8252 Datenfile Version 1.0.0"	http://www.gesis.org/histat/de/project/details/FE33E40C7045574757267C973654580D
1970	verbrauch	22.1	2.2	40.2	0.2		4.7	8.6	1			"gesis histat; ZA 8303; Teuteberg, Hans J., (1972 [008.]) Die Entwicklung des Fleischverbrauchs in Deutschland 1816 bis 2000. GESIS Köln, Deutschland ZA8303 Datenfile Version 1.0.0"	http://www.gesis.org/histat/de/project/details/B6A3A7CFED55C99608E79D893D9F78FE
1970	verzehr	22.1	2.2	40.2	1.2		4.7	8.6		6.4	11.4	"gesis histat; ZA 8252; Teuteberg, Hans J., (1979 [2006]) Der Verzehr von Nahrungsmitteln in Deutschland pro Kopf und Jahr seit Beginn der Industrialisierung (1850 – 1975). GESIS Köln, Deutschland ZA8252 Datenfile Version 1.0.0"	http://www.gesis.org/histat/de/project/details/FE33E40C7045574757267C973654580D
1971	verbrauch	21.6	2.1	41.4	0.2		4.6	8.8	1			"gesis histat; ZA 8303; Teuteberg, Hans J., (1972 [008.]) Die Entwicklung des Fleischverbrauchs in Deutschland 1816 bis 2000. GESIS Köln, Deutschland ZA8303 Datenfile Version 1.0.0"	http://www.gesis.org/histat/de/project/details/B6A3A7CFED55C99608E79D893D9F78FE
1971	verzehr	21.6	2.1	41.4	1.2		4.6	8.8		6.3	9.8	"gesis histat; ZA 8252; Teuteberg, Hans J., (1979 [2006]) Der Verzehr von Nahrungsmitteln in Deutschland pro Kopf und Jahr seit Beginn der Industrialisierung (1850 – 1975). GESIS Köln, Deutschland ZA8252 Datenfile Version 1.0.0"	http://www.gesis.org/histat/de/project/details/FE33E40C7045574757267C973654580D
1972	verbrauch	20.5	1.7	42	0.4		4.5	9	1			"gesis histat; ZA 8303; Teuteberg, Hans J., (1972 [008.]) Die Entwicklung des Fleischverbrauchs in Deutschland 1816 bis 2000. GESIS Köln, Deutschland ZA8303 Datenfile Version 1.0.0"	http://www.gesis.org/histat/de/project/details/B6A3A7CFED55C99608E79D893D9F78FE
1972	verzehr	20.5	1.7	42	1.3		4.5	9		6.1	9.5	"gesis histat; ZA 8252; Teuteberg, Hans J., (1979 [2006]) Der Verzehr von Nahrungsmitteln in Deutschland pro Kopf und Jahr seit Beginn der Industrialisierung (1850 – 1975). GESIS Köln, Deutschland ZA8252 Datenfile Version 1.0.0"	http://www.gesis.org/histat/de/project/details/FE33E40C7045574757267C973654580D
1973	verbrauch	20.9	1.7	41.3	0.4		4.7	8.6	1			"gesis histat; ZA 8303; Teuteberg, Hans J., (1972 [008.]) Die Entwicklung des Fleischverbrauchs in Deutschland 1816 bis 2000. GESIS Köln, Deutschland ZA8303 Datenfile Version 1.0.0"	http://www.gesis.org/histat/de/project/details/B6A3A7CFED55C99608E79D893D9F78FE
1973	verzehr	20.9	1.6	41.7	1.3		4.6	8.7		6.1	11	"gesis histat; ZA 8252; Teuteberg, Hans J., (1979 [2006]) Der Verzehr von Nahrungsmitteln in Deutschland pro Kopf und Jahr seit Beginn der Industrialisierung (1850 – 1975). GESIS Köln, Deutschland ZA8252 Datenfile Version 1.0.0"	http://www.gesis.org/histat/de/project/details/FE33E40C7045574757267C973654580D
1974	verbrauch	20.8	1.7	43.9	0.5	0.1	5	8.8	0.9			"gesis histat; ZA 8303; Teuteberg, Hans J., (1972 [008.]) Die Entwicklung des Fleischverbrauchs in Deutschland 1816 bis 2000. GESIS Köln, Deutschland ZA8303 Datenfile Version 1.0.0"	http://www.gesis.org/histat/de/project/details/B6A3A7CFED55C99608E79D893D9F78FE
1974	verzehr	21	1.6	44.6	1.5		5	8.8		6.3	10.9	"gesis histat; ZA 8252; Teuteberg, Hans J., (1979 [2006]) Der Verzehr von Nahrungsmitteln in Deutschland pro Kopf und Jahr seit Beginn der Industrialisierung (1850 – 1975). GESIS Köln, Deutschland ZA8252 Datenfile Version 1.0.0"	http://www.gesis.org/histat/de/project/details/FE33E40C7045574757267C973654580D
1975	verbrauch	21.5	1.6	43.5	0.7	0.1	5.1	9.1	1			"gesis histat; ZA 8303; Teuteberg, Hans J., (1972 [008.]) Die Entwicklung des Fleischverbrauchs in Deutschland 1816 bis 2000. GESIS Köln, Deutschland ZA8303 Datenfile Version 1.0.0"	http://www.gesis.org/histat/de/project/details/B6A3A7CFED55C99608E79D893D9F78FE
1976	verbrauch	21.7	1.7	44.7	0.7	0.1	5.3	9.1	1.1			"gesis histat; ZA 8303; Teuteberg, Hans J., (1972 [008.]) Die Entwicklung des Fleischverbrauchs in Deutschland 1816 bis 2000. GESIS Köln, Deutschland ZA8303 Datenfile Version 1.0.0"	http://www.gesis.org/histat/de/project/details/B6A3A7CFED55C99608E79D893D9F78FE
1977	verbrauch	21.5	1.8	46.7	0.8	0.1	5.3	9.6	1.1			"gesis histat; ZA 8303; Teuteberg, Hans J., (1972 [008.]) Die Entwicklung des Fleischverbrauchs in Deutschland 1816 bis 2000. GESIS Köln, Deutschland ZA8303 Datenfile Version 1.0.0"	http://www.gesis.org/histat/de/project/details/B6A3A7CFED55C99608E79D893D9F78FE
1978	verbrauch	22.3	1.8	55.7	0.8	0.1	5.4	9.9	1.1			"gesis histat; ZA 8303; Teuteberg, Hans J., (1972 [008.]) Die Entwicklung des Fleischverbrauchs in Deutschland 1816 bis 2000. GESIS Köln, Deutschland ZA8303 Datenfile Version 1.0.0"	http://www.gesis.org/histat/de/project/details/B6A3A7CFED55C99608E79D893D9F78FE
1979	verbrauch	22.2	2	56.9	0.9	0.1	5.4	9.8	1.2			"gesis histat; ZA 8303; Teuteberg, Hans J., (1972 [008.]) Die Entwicklung des Fleischverbrauchs in Deutschland 1816 bis 2000. GESIS Köln, Deutschland ZA8303 Datenfile Version 1.0.0"	http://www.gesis.org/histat/de/project/details/B6A3A7CFED55C99608E79D893D9F78FE
1980	verbrauch	22.8	1.9	58.2	0.9	0.1	5.6	9.9	1.1			"gesis histat; ZA 8303; Teuteberg, Hans J., (1972 [008.]) Die Entwicklung des Fleischverbrauchs in Deutschland 1816 bis 2000. GESIS Köln, Deutschland ZA8303 Datenfile Version 1.0.0"	http://www.gesis.org/histat/de/project/details/B6A3A7CFED55C99608E79D893D9F78FE
1981	verbrauch	21.8	1.6	57.9	0.8	0.1	5.5	9.7	1.1			"gesis histat; ZA 8303; Teuteberg, Hans J., (1972 [008.]) Die Entwicklung des Fleischverbrauchs in Deutschland 1816 bis 2000. GESIS Köln, Deutschland ZA8303 Datenfile Version 1.0.0"	http://www.gesis.org/histat/de/project/details/B6A3A7CFED55C99608E79D893D9F78FE
1982	verbrauch	21	1.5	57.7	0.9	0.1	5.7	9.9	1.1			"gesis histat; ZA 8303; Teuteberg, Hans J., (1972 [008.]) Die Entwicklung des Fleischverbrauchs in Deutschland 1816 bis 2000. GESIS Köln, Deutschland ZA8303 Datenfile Version 1.0.0"	http://www.gesis.org/histat/de/project/details/B6A3A7CFED55C99608E79D893D9F78FE
1983	verbrauch	20.7	1.6	58.7	0.9	0.1	5.8	9.3	1			"gesis histat; ZA 8303; Teuteberg, Hans J., (1972 [008.]) Die Entwicklung des Fleischverbrauchs in Deutschland 1816 bis 2000. GESIS Köln, Deutschland ZA8303 Datenfile Version 1.0.0"	http://www.gesis.org/histat/de/project/details/B6A3A7CFED55C99608E79D893D9F78FE
1984	verbrauch	20.8	1.7	59.2	0.8	0.1	5.8	9.5	1.4			"gesis histat; ZA 8303; Teuteberg, Hans J., (1972 [008.]) Die Entwicklung des Fleischverbrauchs in Deutschland 1816 bis 2000. GESIS Köln, Deutschland ZA8303 Datenfile Version 1.0.0"	http://www.gesis.org/histat/de/project/details/B6A3A7CFED55C99608E79D893D9F78FE
1985	verbrauch	21.4	1.7	60.1	0.9	0.1	5.7	9.7	1.5			"gesis histat; ZA 8303; Teuteberg, Hans J., (1972 [008.]) Die Entwicklung des Fleischverbrauchs in Deutschland 1816 bis 2000. GESIS Köln, Deutschland ZA8303 Datenfile Version 1.0.0"	http://www.gesis.org/histat/de/project/details/B6A3A7CFED55C99608E79D893D9F78FE
1986	verbrauch	21.8	1.7	60.1	0.9	0.1	5.6	10.1	1.4			"gesis histat; ZA 8303; Teuteberg, Hans J., (1972 [008.]) Die Entwicklung des Fleischverbrauchs in Deutschland 1816 bis 2000. GESIS Köln, Deutschland ZA8303 Datenfile Version 1.0.0"	http://www.gesis.org/histat/de/project/details/B6A3A7CFED55C99608E79D893D9F78FE
1987	verbrauch	21.9	1.8	61.1	0.8	0.1	5.5	10.5	1.4			"gesis histat; ZA 8303; Teuteberg, Hans J., (1972 [008.]) Die Entwicklung des Fleischverbrauchs in Deutschland 1816 bis 2000. GESIS Köln, Deutschland ZA8303 Datenfile Version 1.0.0"	http://www.gesis.org/histat/de/project/details/B6A3A7CFED55C99608E79D893D9F78FE
1988	verbrauch	22	1.5	62	0.9	0.1	5.4	11.2	1.4			"gesis histat; ZA 8303; Teuteberg, Hans J., (1972 [008.]) Die Entwicklung des Fleischverbrauchs in Deutschland 1816 bis 2000. GESIS Köln, Deutschland ZA8303 Datenfile Version 1.0.0"	http://www.gesis.org/histat/de/project/details/B6A3A7CFED55C99608E79D893D9F78FE
1989	verbrauch	21.6	1.2	62.2	0.9	0.1	5	11.4	1.4			"gesis histat; ZA 8303; Teuteberg, Hans J., (1972 [008.]) Die Entwicklung des Fleischverbrauchs in Deutschland 1816 bis 2000. GESIS Köln, Deutschland ZA8303 Datenfile Version 1.0.0"	http://www.gesis.org/histat/de/project/details/B6A3A7CFED55C99608E79D893D9F78FE
1994	verbrauch	17.5										ZMP Jahresbericht 2002/2003	http://www.nova-institut.de/news-images/20021209-02/Jahresbericht.pdf
1995	verbrauch	16.6										ZMP Jahresbericht 2002/2003	http://www.nova-institut.de/news-images/20021209-02/Jahresbericht.pdf
1996	verbrauch	15.2										ZMP Jahresbericht 2002/2003	http://www.nova-institut.de/news-images/20021209-02/Jahresbericht.pdf
1997	verbrauch	14.5										ZMP Jahresbericht 2002/2003	http://www.nova-institut.de/news-images/20021209-02/Jahresbericht.pdf
1997	verzehr	10		40.3	0.8		1.1	8.9	1.1			DGE Ernährungsbericht 2000	http://ernaehrungsdenkwerkstatt.de/fileadmin/user_upload/EDWText/TextElemente/Pub218TAB/OLT_218_1411_Fleisch.pdf
1998	verbrauch	15.1										ZMP Jahresbericht 2002/2003	http://www.nova-institut.de/news-images/20021209-02/Jahresbericht.pdf
1998	verzehr	10.3		38.3	0.9		1.1	8.8	1			DGE Ernährungsbericht 2000	http://ernaehrungsdenkwerkstatt.de/fileadmin/user_upload/EDWText/TextElemente/Pub218TAB/OLT_218_1411_Fleisch.pdf
1999	verbrauch	15.1										ZMP Jahresbericht 2002/2003	http://www.nova-institut.de/news-images/20021209-02/Jahresbericht.pdf
1999	verzehr	10.4		41.4	0.8	0	1.1	0.1	1			BVDF - Bundesverband der Deutschen Fleischwarenindustrie e.V.	http://www.boeckler.de/pdf/p_edition_hbs_186.pdf
2000	verbrauch	14										ZMP Jahresbericht 2002/2003	http://www.nova-institut.de/news-images/20021209-02/Jahresbericht.pdf
2001	verbrauch	10.3										ZMP Jahresbericht 2002/2003	http://www.nova-institut.de/news-images/20021209-02/Jahresbericht.pdf
2001	verzehr	9.6		39.1	0.8	0	1	9.5	1			BVDF - Bundesverband der Deutschen Fleischwarenindustrie e.V.	http://www.boeckler.de/pdf/p_edition_hbs_186.pdf
2001	verbrauch	9.9		54	1.1	0.1	3	18.2	1.6			BVDF - Bundesverband der Deutschen Fleischwarenindustrie e.V.	http://www.boeckler.de/pdf/p_edition_hbs_186.pdf
2002	verzehr	6.8		38.9	0.7	0.1	0.8	10.8	1			BVDF - Bundesverband der Deutschen Fleischwarenindustrie e.V.	http://www.boeckler.de/pdf/p_edition_hbs_186.pdf
2002	verbrauch	12		54	1	0.1	2.5	17.2	1.4			BVDF - Bundesverband der Deutschen Fleischwarenindustrie e.V.	http://www.boeckler.de/pdf/p_edition_hbs_186.pdf
2003	verzehr	8.6		39.5	0.7	0	0.6	10.5	0.9			BVDF - Bundesverband der Deutschen Fleischwarenindustrie e.V.	http://web.archive.org/web/20071116081134/http://www.bvdf.de/in_zahlen/tab_06/
2003	verbrauch	12.5		54.7	1	0.1	2.2	17.6	1.4			BVDF - Bundesverband der Deutschen Fleischwarenindustrie e.V.	http://web.archive.org/web/20071116081134/http://www.bvdf.de/in_zahlen/tab_06/
2004	verzehr	8.5		38.9	0.7	0	0.5	10.5	0.9			BVDF - Bundesverband der Deutschen Fleischwarenindustrie e.V.	http://web.archive.org/web/20071116081134/http://www.bvdf.de/in_zahlen/tab_06/
2004	verbrauch	12.4		54	1	0	1.8	17.7	1.3			BVDF - Bundesverband der Deutschen Fleischwarenindustrie e.V.	http://web.archive.org/web/20071116081134/http://www.bvdf.de/in_zahlen/tab_06/
2005	verzehr	8.3		39	0.7	0	0.3	10.4	0.9			BVDF - Bundesverband der Deutschen Fleischwarenindustrie e.V.	http://web.archive.org/web/20071116081134/http://www.bvdf.de/in_zahlen/tab_06/
2005	verbrauch	12.1		54.1	1.1	0	1.1	17.5	1.3			BVDF - Bundesverband der Deutschen Fleischwarenindustrie e.V.	http://web.archive.org/web/20071116081134/http://www.bvdf.de/in_zahlen/tab_06/
2006	verzehr	8.7		38.9	0.7	0	0.3	9.9	1.1			BVDF - Bundesverband der Deutschen Fleischwarenindustrie e.V.	http://web.archive.org/web/20071116081134/http://www.bvdf.de/in_zahlen/tab_06/
2006	verbrauch	12.7		54	1	0	1.1	16.7	1.7			BVDF - Bundesverband der Deutschen Fleischwarenindustrie e.V.	http://web.archive.org/web/20071116081134/http://www.bvdf.de/in_zahlen/tab_06/
2007	verzehr	8.7		39.9	0.7	0	0.2	10.6	1.4			DFV Deutscher-Fleischer-Verband e.V.	http://www.fleischerhandwerk.de/cms/upload/pdf/GB08_Fleischverzehr.pdf
2007	verbrauch	12.4		55.7	1	0	0.5	18	1.4			DFV Deutscher-Fleischer-Verband e.V.	http://www.fleischerhandwerk.de/cms/upload/pdf/GB08_Fleischverzehr.pdf
2008	verzehr	8.4		39.1	0.7	0	0.3	10.9	1.3			DFV Deutscher-Fleischer-Verband e.V.	http://www.fleischerhandwerk.de/cms/upload/pdf/GB2009_Fleischverzehr.pdf
2008	verbrauch	12.5		53.3	1	0	0.9	19	1.9			DFV Deutscher-Fleischer-Verband e.V.	http://www.fleischerhandwerk.de/cms/upload/pdf/GB2009_Fleischverzehr.pdf
2008	verzehr	8.4		39.2	0.7	0	0.2	10.9	1.3			BVDF - Bundesverband der Deutschen Fleischwarenindustrie e.V.	http://www.bvdf.de/in_zahlen/tab_06/
2008	verbrauch	12.3		54.4	1	0	0.6	18.3	1.9			BVDF - Bundesverband der Deutschen Fleischwarenindustrie e.V.	http://www.bvdf.de/in_zahlen/tab_06/
2009	verzehr	8.5		38.9	0.7	0	0.3	11.1	1.2			DFV Deutscher-Fleischer-Verband e.V.	http://www.fleischerhandwerk.de/cms/upload/pdf/GB2010_Fleischverzehr.pdf
2009	verbrauch	12.4		54.1	0.9	0	0.5	18.6	1.7			DFV Deutscher-Fleischer-Verband e.V.	http://www.fleischerhandwerk.de/cms/upload/pdf/GB2010_Fleischverzehr.pdf
2009	verzehr	8.6		38.9	0.6	0	0.2	11.2	1.2			BVDF - Bundesverband der Deutschen Fleischwarenindustrie e.V.	http://www.bvdf.de/in_zahlen/tab_06/
2009	verbrauch	12.5		53.9	0.9	0	0.6	18.8	1.8			BVDF - Bundesverband der Deutschen Fleischwarenindustrie e.V.	http://www.bvdf.de/in_zahlen/tab_06/
2010	verzehr	8.8		39.5	0.6	0	0.2	11.1	1.1			DFV Deutscher-Fleischer-Verband e.V.	http://www.fleischerhandwerk.de/cms/upload/pdf/GB2011_Fleischverzehr.pdf
2010	verbrauch	12.5		54.4	0.9	0	0.6	19.3	1.6			DFV Deutscher-Fleischer-Verband e.V.	http://www.fleischerhandwerk.de/cms/upload/pdf/GB2011_Fleischverzehr.pdf
2010	verzehr	8.8		39.5	0.6	0	0.2	11.1	1.1			BVDF - Bundesverband der Deutschen Fleischwarenindustrie e.V.	http://www.bvdf.de/in_zahlen/tab_06/
2010	verbrauch	12.8		54.8	0.9	0	0.7	18.7	1.6			BVDF - Bundesverband der Deutschen Fleischwarenindustrie e.V.	http://www.bvdf.de/in_zahlen/tab_06/
2011	verzehr	8		39	0.6	0	0.2	11.2	1			DFV Deutscher-Fleischer-Verband e.V.	http://www.fleischerhandwerk.de/cms/upload/pdf/GB2012_Fleischverzehr.pdf
2011	verbrauch	13.1		54	1	0	0.6	18.9	1.5			DFV Deutscher-Fleischer-Verband e.V.	http://www.fleischerhandwerk.de/cms/upload/pdf/GB2012_Fleischverzehr.pdf
2011	verzehr	9		39	0.6	0	0.2	11.2	1			BVDF - Bundesverband der Deutschen Fleischwarenindustrie e.V.	http://www.bvdf.de/in_zahlen/tab_06/
2011	verbrauch	13.1		54	1	0	0.6	18.9	1.5			BVDF - Bundesverband der Deutschen Fleischwarenindustrie e.V.	http://www.bvdf.de/in_zahlen/tab_06/
1960	verbrauch	19.2		29.4				4.2				Landesanstalt fu_r Entwicklung der Landwirtschaft und der la_ndlichen Ra_um	https://www.landwirtschaft-bw.info/servlet/PB/show/1343287_l1/LEL_Agrarm%C3%A4rkte%202011%20-%2008%20Vieh%20und%20Fleisch%20%282012%29.pdf
1970	verbrauch	24		38.4				8.4				Landesanstalt fu_r Entwicklung der Landwirtschaft und der la_ndlichen Ra_um	https://www.landwirtschaft-bw.info/servlet/PB/show/1343287_l1/LEL_Agrarm%C3%A4rkte%202011%20-%2008%20Vieh%20und%20Fleisch%20%282012%29.pdf
1980	verbrauch	23.3		50.2				9.8				Landesanstalt fu_r Entwicklung der Landwirtschaft und der la_ndlichen Ra_um	https://www.landwirtschaft-bw.info/servlet/PB/show/1343287_l1/LEL_Agrarm%C3%A4rkte%202011%20-%2008%20Vieh%20und%20Fleisch%20%282012%29.pdf
1990	verbrauch	22.1		60.1				12.4				Landesanstalt fu_r Entwicklung der Landwirtschaft und der la_ndlichen Ra_um	https://www.landwirtschaft-bw.info/servlet/PB/show/1343287_l1/LEL_Agrarm%C3%A4rkte%202011%20-%2008%20Vieh%20und%20Fleisch%20%282012%29.pdf
1991	verbrauch	21.2		56.2				12.2				Landesanstalt fu_r Entwicklung der Landwirtschaft und der la_ndlichen Ra_um	https://www.landwirtschaft-bw.info/servlet/PB/show/1343287_l1/LEL_Agrarm%C3%A4rkte%202011%20-%2008%20Vieh%20und%20Fleisch%20%282012%29.pdf
1992	verbrauch	19.2		54.5				12.5				Landesanstalt fu_r Entwicklung der Landwirtschaft und der la_ndlichen Ra_um	https://www.landwirtschaft-bw.info/servlet/PB/show/1343287_l1/LEL_Agrarm%C3%A4rkte%202011%20-%2008%20Vieh%20und%20Fleisch%20%282012%29.pdf
1993	verbrauch	19.7		56.1				12.4				Landesanstalt fu_r Entwicklung der Landwirtschaft und der la_ndlichen Ra_um	https://www.landwirtschaft-bw.info/servlet/PB/show/1343287_l1/LEL_Agrarm%C3%A4rkte%202011%20-%2008%20Vieh%20und%20Fleisch%20%282012%29.pdf
1994	verbrauch	17.5		55.5				12.8				Landesanstalt fu_r Entwicklung der Landwirtschaft und der la_ndlichen Ra_um	https://www.landwirtschaft-bw.info/servlet/PB/show/1343287_l1/LEL_Agrarm%C3%A4rkte%202011%20-%2008%20Vieh%20und%20Fleisch%20%282012%29.pdf
1995	verbrauch	16.6		54.9				13.4				Landesanstalt fu_r Entwicklung der Landwirtschaft und der la_ndlichen Ra_um	https://www.landwirtschaft-bw.info/servlet/PB/show/1343287_l1/LEL_Agrarm%C3%A4rkte%202011%20-%2008%20Vieh%20und%20Fleisch%20%282012%29.pdf
1996	verbrauch	15.2		54.7				14.1				Landesanstalt fu_r Entwicklung der Landwirtschaft und der la_ndlichen Ra_um	https://www.landwirtschaft-bw.info/servlet/PB/show/1343287_l1/LEL_Agrarm%C3%A4rkte%202011%20-%2008%20Vieh%20und%20Fleisch%20%282012%29.pdf
1997	verbrauch	14.5		53.8				14.8				Landesanstalt fu_r Entwicklung der Landwirtschaft und der la_ndlichen Ra_um	https://www.landwirtschaft-bw.info/servlet/PB/show/1343287_l1/LEL_Agrarm%C3%A4rkte%202011%20-%2008%20Vieh%20und%20Fleisch%20%282012%29.pdf
1998	verbrauch	15.1		56.1				15.2				Landesanstalt fu_r Entwicklung der Landwirtschaft und der la_ndlichen Ra_um	https://www.landwirtschaft-bw.info/servlet/PB/show/1343287_l1/LEL_Agrarm%C3%A4rkte%202011%20-%2008%20Vieh%20und%20Fleisch%20%282012%29.pdf
1999	verbrauch	15.1		56.9				15.3				Landesanstalt fu_r Entwicklung der Landwirtschaft und der la_ndlichen Ra_um	https://www.landwirtschaft-bw.info/servlet/PB/show/1343287_l1/LEL_Agrarm%C3%A4rkte%202011%20-%2008%20Vieh%20und%20Fleisch%20%282012%29.pdf
2000	verbrauch	14		54.2				16				Landesanstalt fu_r Entwicklung der Landwirtschaft und der la_ndlichen Ra_um	https://www.landwirtschaft-bw.info/servlet/PB/show/1343287_l1/LEL_Agrarm%C3%A4rkte%202011%20-%2008%20Vieh%20und%20Fleisch%20%282012%29.pdf
2001	verbrauch	9.9		54				18.2				Landesanstalt fu_r Entwicklung der Landwirtschaft und der la_ndlichen Ra_um	https://www.landwirtschaft-bw.info/servlet/PB/show/1343287_l1/LEL_Agrarm%C3%A4rkte%202011%20-%2008%20Vieh%20und%20Fleisch%20%282012%29.pdf
2002	verbrauch	12		54				17.2				Landesanstalt fu_r Entwicklung der Landwirtschaft und der la_ndlichen Ra_um	https://www.landwirtschaft-bw.info/servlet/PB/show/1343287_l1/LEL_Agrarm%C3%A4rkte%202011%20-%2008%20Vieh%20und%20Fleisch%20%282012%29.pdf
2003	verbrauch	12.5		54.7				17.6				Landesanstalt fu_r Entwicklung der Landwirtschaft und der la_ndlichen Ra_um	https://www.landwirtschaft-bw.info/servlet/PB/show/1343287_l1/LEL_Agrarm%C3%A4rkte%202011%20-%2008%20Vieh%20und%20Fleisch%20%282012%29.pdf
2004	verbrauch	12.4		54				17.8				Landesanstalt fu_r Entwicklung der Landwirtschaft und der la_ndlichen Ra_um	https://www.landwirtschaft-bw.info/servlet/PB/show/1343287_l1/LEL_Agrarm%C3%A4rkte%202011%20-%2008%20Vieh%20und%20Fleisch%20%282012%29.pdf
2005	verbrauch	12		54				17.5				Landesanstalt fu_r Entwicklung der Landwirtschaft und der la_ndlichen Ra_um	https://www.landwirtschaft-bw.info/servlet/PB/show/1343287_l1/LEL_Agrarm%C3%A4rkte%202011%20-%2008%20Vieh%20und%20Fleisch%20%282012%29.pdf
2006	verbrauch	11.9		54.4				16.7				Landesanstalt fu_r Entwicklung der Landwirtschaft und der la_ndlichen Ra_um	https://www.landwirtschaft-bw.info/servlet/PB/show/1343287_l1/LEL_Agrarm%C3%A4rkte%202011%20-%2008%20Vieh%20und%20Fleisch%20%282012%29.pdf
2007	verbrauch	12.7		55.4				17.8				Landesanstalt fu_r Entwicklung der Landwirtschaft und der la_ndlichen Ra_um	https://www.landwirtschaft-bw.info/servlet/PB/show/1343287_l1/LEL_Agrarm%C3%A4rkte%202011%20-%2008%20Vieh%20und%20Fleisch%20%282012%29.pdf
2008	verbrauch	12.3		54.4				18.3				Landesanstalt fu_r Entwicklung der Landwirtschaft und der la_ndlichen Ra_um	https://www.landwirtschaft-bw.info/servlet/PB/show/1343287_l1/LEL_Agrarm%C3%A4rkte%202011%20-%2008%20Vieh%20und%20Fleisch%20%282012%29.pdf
2009	verbrauch	12.5		54.1				18.8				Landesanstalt fu_r Entwicklung der Landwirtschaft und der la_ndlichen Ra_um	https://www.landwirtschaft-bw.info/servlet/PB/show/1343287_l1/LEL_Agrarm%C3%A4rkte%202011%20-%2008%20Vieh%20und%20Fleisch%20%282012%29.pdf
2010	verbrauch	12.6		55.1				19.3				Landesanstalt fu_r Entwicklung der Landwirtschaft und der la_ndlichen Ra_um	https://www.landwirtschaft-bw.info/servlet/PB/show/1343287_l1/LEL_Agrarm%C3%A4rkte%202011%20-%2008%20Vieh%20und%20Fleisch%20%282012%29.pdf
2011	verbrauch	13.1		54				18.9				Landesanstalt fu_r Entwicklung der Landwirtschaft und der la_ndlichen Ra_um	https://www.landwirtschaft-bw.info/servlet/PB/show/1343287_l1/LEL_Agrarm%C3%A4rkte%202011%20-%2008%20Vieh%20und%20Fleisch%20%282012%29.pdf
1950	verbrauch	13		18.9	0.6	0.7	1.3	1.2	0.8			Bayerische Landesanstalt für Landwirtschaft	http://www.lfl.bayern.de/publikationen/daten/informationen/p_35949.pdf
1960	verbrauch	18.8		29.4	0.3	0.4	2.6	4.2	0.6			Bayerische Landesanstalt für Landwirtschaft	http://www.lfl.bayern.de/publikationen/daten/informationen/p_35949.pdf
1970	verbrauch	23.6		38.4	0.2	0.1	4.7	8.3	0.8			Bayerische Landesanstalt für Landwirtschaft	http://www.lfl.bayern.de/publikationen/daten/informationen/p_35949.pdf
1980	verbrauch	24.7		58.2	0.9	0.1	5.6	9.9	1.1			Bayerische Landesanstalt für Landwirtschaft	http://www.lfl.bayern.de/publikationen/daten/informationen/p_35949.pdf
1990	verbrauch	22.1		57.6	1.1	0.1	5.7	12.4	1.4			Bayerische Landesanstalt für Landwirtschaft	http://www.lfl.bayern.de/publikationen/daten/informationen/p_35949.pdf
2000	verbrauch	14		54.2	1.2	0.1	3.8	16	1.4			Bayerische Landesanstalt für Landwirtschaft	http://www.lfl.bayern.de/publikationen/daten/informationen/p_35949.pdf
2008	verbrauch	12.3		54.4	1	0	0.6	18.3	1.9			Bayerische Landesanstalt für Landwirtschaft	http://www.lfl.bayern.de/publikationen/daten/informationen/p_35949.pdf
2009	verbrauch	12.5		53.9	0.9	0	0.6	18.8	1.8			Bayerische Landesanstalt für Landwirtschaft	http://www.lfl.bayern.de/publikationen/daten/informationen/p_35949.pdf
2010	verbrauch	12.5		54.4	0.9	0	0.6	19.3	1.6			Bayerische Landesanstalt für Landwirtschaft	http://www.lfl.bayern.de/publikationen/daten/informationen/p_35949.pdf
1990	verzehr	14.8		40.6	0.7	0	1.5	7.4	0.9			Bayerische Landesanstalt für Landwirtschaft	http://www.lfl.bayern.de/publikationen/daten/informationen/p_35949.pdf
2000	verzehr	9.6		39.1	0.8	0	1	9.5	1			Bayerische Landesanstalt für Landwirtschaft	http://www.lfl.bayern.de/publikationen/daten/informationen/p_35949.pdf
2003	verzehr	8.6		39.5	0.7	0	0.6	10.5	0.9			Bayerische Landesanstalt für Landwirtschaft	http://www.lfl.bayern.de/publikationen/daten/informationen/p_35949.pdf
2004	verzehr	8.5		39	0.7	0	0.5	10.5	0.9			Bayerische Landesanstalt für Landwirtschaft	http://www.lfl.bayern.de/publikationen/daten/informationen/p_35949.pdf
2005	verzehr	8.3		39	0.7	0	0.3	10.5	0.9			Bayerische Landesanstalt für Landwirtschaft	http://www.lfl.bayern.de/publikationen/daten/informationen/p_35949.pdf
2006	verzehr	8.2		39.3	0.7	0	0.2	10	1.1			Bayerische Landesanstalt für Landwirtschaft	http://www.lfl.bayern.de/publikationen/daten/informationen/p_35949.pdf
2007	verzehr	8.7		39.9	0.7	0	0.2	10.6	1.4			Bayerische Landesanstalt für Landwirtschaft	http://www.lfl.bayern.de/publikationen/daten/informationen/p_35949.pdf
2008	verzehr	8.4		39.2	0.7	0	0.1	10.9	1.3			Bayerische Landesanstalt für Landwirtschaft	http://www.lfl.bayern.de/publikationen/daten/informationen/p_35949.pdf
2009	verzehr	8.6		38.9	0.6	0	0.1	11.5	1.2			Bayerische Landesanstalt für Landwirtschaft	http://www.lfl.bayern.de/publikationen/daten/informationen/p_35949.pdf
2010	verzehr	8.6		39.2	0.6	0	0.1	11.5	1.1			Bayerische Landesanstalt für Landwirtschaft	http://www.lfl.bayern.de/publikationen/daten/informationen/p_35949.pdf